{"cameraMode":{"drawMode":0,"name":"Shaded","section":"Shading Mode"},"sceneLighting":false,"audioPlay":false,"sceneViewState":{"m_AlwaysRefresh":false,"showFog":true,"showSkybox":false,"showFlares":true,"showImageEffects":true,"showParticleSystems":true,"showVisualEffectGraphs":true,"m_FxEnabled":true},"in2DMode":false,"pivot":{"x":-0.4684656858444214,"y":1.5999999046325684,"z":3.3028314113616945},"rotation":{"x":-0.28949329257011416,"y":0.06082197278738022,"z":-0.018435847014188768,"w":-0.9550692439079285},"size":1.2247447967529297,"orthographic":false}